200	hand_right/classic	ardiuinosupport.stl	https://inmoov.fr/wp-content/uploads/stl/Right-Hand/ardiuinosupport.stl
200	hand_right/classic	Auriculaire3.stl	https://inmoov.fr/wp-content/uploads/stl/Right-Hand/Auriculaire3.stl
200	hand_right/classic	Bolt_entretoise7.stl	https://inmoov.fr/wp-content/uploads/stl/Right-Hand/Bolt_entretoise7.stl
200	hand_right/classic	coverfinger1.stl	https://inmoov.fr/wp-content/uploads/stl/Right-Hand/coverfinger1.stl
200	hand_right/classic	Index3.stl	https://inmoov.fr/wp-content/uploads/stl/Right-Hand/Index3.stl
200	hand_right/classic	Majeure3.stl	https://inmoov.fr/wp-content/uploads/stl/Right-Hand/Majeure3.stl
200	hand_right/classic	ringfinger3.stl	https://inmoov.fr/wp-content/uploads/stl/Right-Hand/ringfinger3.stl
200	hand_right/classic	thumb5.stl	https://inmoov.fr/wp-content/uploads/stl/Right-Hand/thumb5.stl
200	hand_right/classic	topsurface6.stl	https://inmoov.fr/wp-content/uploads/stl/Right-Hand/topsurface6.stl
200	hand_right/classic	topsurfaceUP6.stl	https://inmoov.fr/wp-content/uploads/stl/Right-Hand/topsurfaceUP6.stl
200	hand_right/classic	WristlargeV4.stl	https://inmoov.fr/wp-content/uploads/stl/Right-Hand/WristlargeV4.stl
200	hand_right/classic	WristsmallV4.stl	https://inmoov.fr/wp-content/uploads/stl/Right-Hand/WristsmallV4.stl
200	forearm_right	robcap3V2.stl	https://inmoov.fr/wp-content/uploads/stl/Right-Hand/robcap3V2.stl
200	forearm_right	robpart2V4.stl	https://inmoov.fr/wp-content/uploads/stl/Right-Hand/robpart2V4.stl
200	forearm_right	robpart3V4.stl	https://inmoov.fr/wp-content/uploads/stl/Right-Hand/robpart3V4.stl
200	forearm_right	robpart4V4.stl	https://inmoov.fr/wp-content/uploads/stl/Right-Hand/robpart4V4.stl
200	forearm_right	robpart5V4.stl	https://inmoov.fr/wp-content/uploads/stl/Right-Hand/robpart5V4.stl
200	hand_left/classic	Auriculaire3.stl	https://inmoov.fr/wp-content/uploads/stl/Left-Hand/Auriculaire3.stl
200	hand_left/classic	Bolt_entretoise7.stl	https://inmoov.fr/wp-content/uploads/stl/Left-Hand/Bolt_entretoise7.stl
200	hand_left/classic	Index3.stl	https://inmoov.fr/wp-content/uploads/stl/Left-Hand/Index3.stl
200	hand_left/classic	leftcoverfinger1.stl	https://inmoov.fr/wp-content/uploads/stl/Left-Hand/leftcoverfinger1.stl
200	hand_left/classic	Majeure3.stl	https://inmoov.fr/wp-content/uploads/stl/Left-Hand/Majeure3.stl
200	hand_left/classic	ringfinger3.stl	https://inmoov.fr/wp-content/uploads/stl/Left-Hand/ringfinger3.stl
200	hand_left/classic	leftthumb5.stl	https://inmoov.fr/wp-content/uploads/stl/Left-Hand/leftthumb5.stl
200	hand_left/classic	lefttopsurface6.stl	https://inmoov.fr/wp-content/uploads/stl/Left-Hand/lefttopsurface6.stl
200	hand_left/classic	lefttopsurfaceUP6.stl	https://inmoov.fr/wp-content/uploads/stl/Left-Hand/lefttopsurfaceUP6.stl
200	hand_left/classic	LeftWristlargeV4.stl	https://inmoov.fr/wp-content/uploads/stl/Left-Hand/LeftWristlargeV4.stl
200	hand_left/classic	LeftWristsmallV4.stl	https://inmoov.fr/wp-content/uploads/stl/Left-Hand/LeftWristsmallV4.stl
200	forearm_left	LeftRobCap3V2.stl	https://inmoov.fr/wp-content/uploads/stl/Left-Hand/LeftRobCap3V2.stl
200	forearm_left	LeftRobpart2V4.stl	https://inmoov.fr/wp-content/uploads/stl/Left-Hand/LeftRobpart2V4.stl
200	forearm_left	LeftRobpart3V4.stl	https://inmoov.fr/wp-content/uploads/stl/Left-Hand/LeftRobpart3V4.stl
200	forearm_left	LeftRobpart4V4.stl	https://inmoov.fr/wp-content/uploads/stl/Left-Hand/LeftRobpart4V4.stl
200	forearm_left	LeftRobpart5V4.stl	https://inmoov.fr/wp-content/uploads/stl/Left-Hand/LeftRobpart5V4.stl
200	hand_right/i2	i2_Adapter1109MG.stl	https://inmoov.fr/wp-content/uploads/stl/i2RightHand/i2_Adapter1109MG.stl
200	hand_right/i2	i2_CoverFingerV3.stl	https://inmoov.fr/wp-content/uploads/stl/i2RightHand/i2_CoverFingerV3.stl
200	hand_right/i2	i2_FingersMoldX5V3.stl	https://inmoov.fr/wp-content/uploads/stl/i2RightHand/i2_FingersMoldX5V3.stl
200	hand_right/i2	i2_FingersTipX5V2.stl	https://inmoov.fr/wp-content/uploads/stl/i2RightHand/i2_FingersTipX5V2.stl
200	hand_right/i2	i2_FingersX5V2.stl	https://inmoov.fr/wp-content/uploads/stl/i2RightHand/i2_FingersX5V2.stl
200	hand_right/i2	i2_HandCoverV1.stl	https://inmoov.fr/wp-content/uploads/stl/i2RightHand/i2_HandCoverV1.stl
200	hand_right/i2	i2_HandPDI6225V2.stl	https://inmoov.fr/wp-content/uploads/stl/i2RightHand/i2_HandPDI6225V2.stl
200	hand_right/i2	i2_PalmCoverV2.stl	https://inmoov.fr/wp-content/uploads/stl/i2RightHand/i2_PalmCoverV2.stl
200	hand_right/i2	i2_PalmPDI6225V3.stl	https://inmoov.fr/wp-content/uploads/stl/i2RightHand/i2_PalmPDI6225V3.stl
200	hand_right/i2	i2_PulleyX5V1.stl	https://inmoov.fr/wp-content/uploads/stl/i2RightHand/i2_PulleyX5V1.stl
200	hand_right/i2	i2_WristGearV1.stl	https://inmoov.fr/wp-content/uploads/stl/i2RightHand/i2_WristGearV1.stl
200	hand_right/i2	i2_WristLargeV2.stl	https://inmoov.fr/wp-content/uploads/stl/i2RightHand/i2_WristLargeV2.stl
200	hand_left/i2	i2_Adapter1109MG.stl	https://inmoov.fr/wp-content/uploads/stl/i2LeftHand/i2_Adapter1109MG.stl
200	hand_left/i2	i2_LeftCoverFingerV3.stl	https://inmoov.fr/wp-content/uploads/stl/i2LeftHand/i2_LeftCoverFingerV3.stl
200	hand_left/i2	i2_LeftCoverThumbV3.stl	https://inmoov.fr/wp-content/uploads/stl/i2LeftHand/i2_LeftCoverThumbV3.stl
200	hand_left/i2	i2_LeftHandCoverV1.stl	https://inmoov.fr/wp-content/uploads/stl/i2LeftHand/i2_LeftHandCoverV1.stl
200	hand_left/i2	i2_LeftHandPDI6225V2.stl	https://inmoov.fr/wp-content/uploads/stl/i2LeftHand/i2_LeftHandPDI6225V2.stl
200	hand_left/i2	i2_LeftPalmCoverV2.stl	https://inmoov.fr/wp-content/uploads/stl/i2LeftHand/i2_LeftPalmCoverV2.stl
200	hand_left/i2	i2_LeftPalmPDI6225V3.stl	https://inmoov.fr/wp-content/uploads/stl/i2LeftHand/i2_LeftPalmPDI6225V3.stl
200	hand_left/i2	i2_LeftWristGearV1.stl	https://inmoov.fr/wp-content/uploads/stl/i2LeftHand/i2_LeftWristGearV1.stl
200	hand_left/i2	i2_LeftWristLargeV2.stl	https://inmoov.fr/wp-content/uploads/stl/i2LeftHand/i2_LeftWristLargeV2.stl
200	forearm_right	RobCableBackV3.stl	https://inmoov.fr/wp-content/uploads/stl/Forearm-and-Servo-Bed/RobCableBackV3.stl
200	forearm_right	RobCableFrontV3.stl	https://inmoov.fr/wp-content/uploads/stl/Forearm-and-Servo-Bed/RobCableFrontV3.stl
200	forearm_right	RobRingV3.stl	https://inmoov.fr/wp-content/uploads/stl/Forearm-and-Servo-Bed/RobRingV3.stl
200	forearm_right	RobServoBedV6.stl	https://inmoov.fr/wp-content/uploads/stl/Forearm-and-Servo-Bed/RobServoBedV6.stl
200	forearm_right	servo-pulleyX5.stl	https://inmoov.fr/wp-content/uploads/stl/Forearm-and-Servo-Bed/servo-pulleyX5.stl
200	forearm_right	TensionerRightV1.stl	https://inmoov.fr/wp-content/uploads/stl/Forearm-and-Servo-Bed/TensionerRightV1.stl
200	forearm_left	LeftRobCableBackV3.stl	https://inmoov.fr/wp-content/uploads/stl/Forearm-and-Servo-Bed/LeftRobCableBackV3.stl
200	forearm_left	LeftRobCableFrontV3.stl	https://inmoov.fr/wp-content/uploads/stl/Forearm-and-Servo-Bed/LeftRobCableFrontV3.stl
200	forearm_left	LeftRobServoBedV6.stl	https://inmoov.fr/wp-content/uploads/stl/Forearm-and-Servo-Bed/LeftRobServoBedV6.stl
200	forearm_left	LeftTensionerV1.stl	https://inmoov.fr/wp-content/uploads/stl/Forearm-and-Servo-Bed/LeftTensionerV1.stl
200	wrist	CableHolderWristV5.stl	https://inmoov.fr/wp-content/uploads/stl/Rotation-Wrist/CableHolderWristV5.stl
200	wrist	LeftCableHolderWristV5.stl	https://inmoov.fr/wp-content/uploads/stl/Rotation-Wrist/LeftCableHolderWristV5.stl
200	wrist	LeftRotawrist1V4.stl	https://inmoov.fr/wp-content/uploads/stl/Rotation-Wrist/LeftRotawrist1V4.stl
200	wrist	LeftRotaWrist2V3.stl	https://inmoov.fr/wp-content/uploads/stl/Rotation-Wrist/LeftRotaWrist2V3.stl
200	wrist	RotaWrist1V4.stl	https://inmoov.fr/wp-content/uploads/stl/Rotation-Wrist/RotaWrist1V4.stl
200	wrist	RotaWrist2V3.stl	https://inmoov.fr/wp-content/uploads/stl/Rotation-Wrist/RotaWrist2V3.stl
200	wrist	RotaWrist3V3.stl	https://inmoov.fr/wp-content/uploads/stl/Rotation-Wrist/RotaWrist3V3.stl
200	wrist	WristGearsV5.stl	https://inmoov.fr/wp-content/uploads/stl/Rotation-Wrist/WristGearsV5.stl
200	bicep	armtopcover1.stl	https://inmoov.fr/wp-content/uploads/stl/Bicep/armtopcover1.stl
200	bicep	armtopcover2.stl	https://inmoov.fr/wp-content/uploads/stl/Bicep/armtopcover2.stl
200	bicep	armtopcover3.stl	https://inmoov.fr/wp-content/uploads/stl/Bicep/armtopcover3.stl
200	bicep	elbowshaftgearV1.stl	https://inmoov.fr/wp-content/uploads/stl/Bicep/elbowshaftgearV1.stl
200	bicep	GearHolderV1.stl	https://inmoov.fr/wp-content/uploads/stl/Bicep/GearHolderV1.stl
200	bicep	gearpotentioV1.stl	https://inmoov.fr/wp-content/uploads/stl/Bicep/gearpotentioV1.stl
200	bicep	HighArmSideV3.stl	https://inmoov.fr/wp-content/uploads/stl/Bicep/HighArmSideV3.stl
200	bicep	LeftRotcenterV3.stl	https://inmoov.fr/wp-content/uploads/stl/Bicep/LeftRotcenterV3.stl
200	bicep	LeftRotTitV4.stl	https://inmoov.fr/wp-content/uploads/stl/Bicep/LeftRotTitV4.stl
200	bicep	LowArmSideV3.stl	https://inmoov.fr/wp-content/uploads/stl/Bicep/LowArmSideV3.stl
200	bicep	PistonanticlockV2.stl	https://inmoov.fr/wp-content/uploads/stl/Bicep/PistonanticlockV2.stl
200	bicep	PistonbaseantiV2.stl	https://inmoov.fr/wp-content/uploads/stl/Bicep/PistonbaseantiV2.stl
200	bicep	PivPotentioRoundV3.stl	https://inmoov.fr/wp-content/uploads/stl/Bicep/PivPotentioRoundV3.stl
200	bicep	PivPotentioSquareV3.stl	https://inmoov.fr/wp-content/uploads/stl/Bicep/PivPotentioSquareV3.stl
200	bicep	ReinforcerV2.stl	https://inmoov.fr/wp-content/uploads/stl/Bicep/ReinforcerV2.stl
200	bicep	RibonPusherV1.stl	https://inmoov.fr/wp-content/uploads/stl/Bicep/RibonPusherV1.stl
200	bicep	RotcenterV3.stl	https://inmoov.fr/wp-content/uploads/stl/Bicep/RotcenterV3.stl
200	bicep	RotGearV6.stl	https://inmoov.fr/wp-content/uploads/stl/Bicep/RotGearV6.stl
200	bicep	RotMitV3.stl	https://inmoov.fr/wp-content/uploads/stl/Bicep/RotMitV3.stl
200	bicep	RotTitV4.stl	https://inmoov.fr/wp-content/uploads/stl/Bicep/RotTitV4.stl
200	bicep	RotWormV5.stl	https://inmoov.fr/wp-content/uploads/stl/Bicep/RotWormV5.stl
200	bicep	servobaseV1.stl	https://inmoov.fr/wp-content/uploads/stl/Bicep/servobaseV1.stl
200	bicep	servoholderV1.stl	https://inmoov.fr/wp-content/uploads/stl/Bicep/servoholderV1.stl
200	bicep	spacerV1.stl	https://inmoov.fr/wp-content/uploads/stl/Bicep/spacerV1.stl
200	shoulder	LeftPivcenterV3.stl	https://inmoov.fr/wp-content/uploads/stl/Shoulder/LeftPivcenterV3.stl
200	shoulder	LeftPivMitV2.stl	https://inmoov.fr/wp-content/uploads/stl/Shoulder/LeftPivMitV2.stl
200	shoulder	LeftPivPotholderSquareV1.stl	https://inmoov.fr/wp-content/uploads/stl/Shoulder/LeftPivPotholderSquareV1.stl
200	shoulder	LeftPivPotholderV3.stl	https://inmoov.fr/wp-content/uploads/stl/Shoulder/LeftPivPotholderV3.stl
200	shoulder	LeftPivTitV3.stl	https://inmoov.fr/wp-content/uploads/stl/Shoulder/LeftPivTitV3.stl
200	shoulder	LogoLeftMyrobotlabV2.stl	https://inmoov.fr/wp-content/uploads/stl/Shoulder/LogoLeftMyrobotlabV2.stl
200	shoulder	LogoRightMyrobotlabV2.stl	https://inmoov.fr/wp-content/uploads/stl/Shoulder/LogoRightMyrobotlabV2.stl
200	shoulder	PivcenterV3.stl	https://inmoov.fr/wp-content/uploads/stl/Shoulder/PivcenterV3.stl
200	shoulder	PivConnectorV1.stl	https://inmoov.fr/wp-content/uploads/stl/Shoulder/PivConnectorV1.stl
200	shoulder	PivGearV6.stl	https://inmoov.fr/wp-content/uploads/stl/Shoulder/PivGearV6.stl
200	shoulder	PivMitV2.stl	https://inmoov.fr/wp-content/uploads/stl/Shoulder/PivMitV2.stl
200	shoulder	PivPotentioRoundV3.stl	https://inmoov.fr/wp-content/uploads/stl/Shoulder/PivPotentioRoundV3.stl
200	shoulder	PivPotentioSquareV4.stl	https://inmoov.fr/wp-content/uploads/stl/Shoulder/PivPotentioSquareV4.stl
200	shoulder	PivPotholderSquareV1.stl	https://inmoov.fr/wp-content/uploads/stl/Shoulder/PivPotholderSquareV1.stl
200	shoulder	PivPotholderV3.stl	https://inmoov.fr/wp-content/uploads/stl/Shoulder/PivPotholderV3.stl
200	shoulder	PivTitV3.stl	https://inmoov.fr/wp-content/uploads/stl/Shoulder/PivTitV3.stl
200	shoulder	PivWormV5.stl	https://inmoov.fr/wp-content/uploads/stl/Shoulder/PivWormV5.stl
200	shoulder	servoholderV1.stl	https://inmoov.fr/wp-content/uploads/stl/Shoulder/servoholderV1.stl
200	shoulder	servoHolsterV1.stl	https://inmoov.fr/wp-content/uploads/stl/Shoulder/servoHolsterV1.stl
200	omoplate	ClaviBackV2.stl	https://inmoov.fr/wp-content/uploads/stl/Shoulder/ClaviBackV2.stl
200	omoplate	ClaviFrontV2.stl	https://inmoov.fr/wp-content/uploads/stl/Shoulder/ClaviFrontV2.stl
200	omoplate	PistonbaseV6.stl	https://inmoov.fr/wp-content/uploads/stl/Shoulder/PistonbaseV6.stl
200	omoplate	PistonClaviV3.stl	https://inmoov.fr/wp-content/uploads/stl/Shoulder/PistonClaviV3.stl
200	torso_mounts	HomLowBackV3.stl	https://inmoov.fr/wp-content/uploads/stl/Torso/HomLowBackV3.stl
200	torso_mounts	HomLowFront-V1.stl	https://inmoov.fr/wp-content/uploads/stl/Torso/HomLowFront-V1.stl
200	torso_mounts	homplateback+V1.stl	https://inmoov.fr/wp-content/uploads/stl/Torso/homplateback%2BV1.stl
200	torso_mounts	homplatebacklow+V1.stl	https://inmoov.fr/wp-content/uploads/stl/Torso/homplatebacklow%2BV1.stl
200	torso_mounts	homplatebacklow-V1.stl	https://inmoov.fr/wp-content/uploads/stl/Torso/homplatebacklow-V1.stl
200	torso_mounts	homplateback-V1.stl	https://inmoov.fr/wp-content/uploads/stl/Torso/homplateback-V1.stl
200	torso_mounts	homplatefront+V1.stl	https://inmoov.fr/wp-content/uploads/stl/Torso/homplatefront%2BV1.stl
200	torso_mounts	homplatefront-V1.stl	https://inmoov.fr/wp-content/uploads/stl/Torso/homplatefront-V1.stl
200	torso_mounts	ChestLowV1.stl	https://inmoov.fr/wp-content/uploads/stl/Torso/ChestLowV1.stl
200	torso_mounts	servoHolsterV1.stl	https://inmoov.fr/wp-content/uploads/stl/Torso/servoHolsterV1.stl
200	torso_mounts	BackClaviHolderV2.stl	https://inmoov.fr/wp-content/uploads/stl/Back/BackClaviHolderV2.stl
200	_tools	Calibrator.stl	https://inmoov.fr/wp-content/uploads/2019/01/Calibrator.stl
200	torso_mounts/torso_frame	InterKinectMidV1.stl	https://inmoov.fr/wp-content/uploads/stl/Torso/InterKinectMidV1.stl
200	torso_mounts/torso_frame	InterKinectSideV1.stl	https://inmoov.fr/wp-content/uploads/stl/Torso/InterKinectSideV1.stl
200	torso_mounts/torso_frame	KinectMidBackV1.stl	https://inmoov.fr/wp-content/uploads/stl/Torso/KinectMidBackV1.stl
200	torso_mounts/torso_frame	KinectMidFrontV1.stl	https://inmoov.fr/wp-content/uploads/stl/Torso/KinectMidFrontV1.stl
200	torso_mounts/torso_frame	KinectSideBackV2.stl	https://inmoov.fr/wp-content/uploads/stl/Torso/KinectSideBackV2.stl
200	torso_mounts/torso_frame	KinectSideHolderV1.stl	https://inmoov.fr/wp-content/uploads/stl/Torso/KinectSideHolderV1.stl
200	torso_mounts/torso_frame	SternumV1.stl	https://inmoov.fr/wp-content/uploads/stl/Torso/SternumV1.stl
200	torso_mounts/torso_frame	ThroatLowerV1.stl	https://inmoov.fr/wp-content/uploads/stl/Torso/ThroatLowerV1.stl
200	torso_mounts/torso_frame	arduinosupportmega.stl	https://inmoov.fr/wp-content/uploads/stl/Torso/arduinosupportmega.stl
